{"cameraMode":{"drawMode":0,"name":"Shaded","section":"Shading Mode"},"sceneLighting":false,"audioPlay":false,"sceneViewState":{"m_AlwaysRefresh":false,"showFog":true,"showSkybox":false,"showFlares":true,"showImageEffects":true,"showParticleSystems":true,"showVisualEffectGraphs":true,"m_FxEnabled":true},"in2DMode":false,"pivot":{"x":-18.826311111450197,"y":2.7019362449645998,"z":18.863000869750978},"rotation":{"x":-0.03451845422387123,"y":-0.8585269451141357,"z":0.0583069771528244,"w":-0.5083189010620117},"size":0.22303706407546998,"orthographic":true}